time,X,Y,Z
0,1.75,4.51,11.77
0.25,1.51,3.8,12.71
0.5,0.7,2.1,13.93
0.75,-0.12,-0.17,14.17
1,-0.92,-2.43,13.03
1.25,-1.48,-4.16,11.57
1.5,-1.77,-5.03,10.59
1.75,-1.66,-4.83,10.33
2,-1.3,-3.61,11.48
2.25,-0.89,-1.75,12.94
2.5,-0.27,0.65,12.87
2.75,0.59,3.15,11.49
3,1.37,5.03,10.23
3.25,1.78,5.91,10.07
3.5,1.61,5.59,10.69
3.75,0.9,4.01,11.27
4,-0.23,1.5,11.24
4.25,-1.66,-1.54,10.16
4.5,-3.57,-4.71,8.07
4.75,-5.28,-7.38,6.65
5,-6.61,-8.92,7.03
5.25,-7.51,-9.43,8.17
5.5,-7.64,-8.7,8.85
5.75,-7.11,-7.1,8.77
6,-6.45,-5.06,8.21
6.25,-5.56,-3.09,7.51
6.5,-4.54,-1.47,7.2
6.75,-3.64,-0.31,7.52
7,-3.11,0.08,8.34
7.25,-2.91,-0.32,8.7
7.5,-2.99,-1.36,8.35
7.75,-3.59,-2.83,8.06
8,-4.21,-4.09,8.04
8.25,-4.17,-4.38,7.91
8.5,-3.54,-3.7,8.67
8.75,-2.74,-2.28,10.26
9,-1.53,-0.5,11.01
9.25,-0.38,1.56,10.96
9.5,0.78,3.61,10.89
9.75,1.7,5.07,11.14
10,2.35,6.04,11.77
10.25,2.73,6.2,12.64
10.5,2.44,5.26,13.43
10.75,1.7,3.71,13.53
11,0.92,1.77,12.67
11.25,0.23,0.01,11.43
11.5,0.22,-0.86,10.84
11.75,0.75,-0.62,10.94
12,1.89,0.37,11.83
12.25,3.24,1.96,12.55
12.5,4.38,3.87,12.08
12.75,5.23,5.78,10.57
13,5.99,7.25,9.24
13.25,6.13,8.25,9.18
13.5,5.97,8.39,9.83
13.75,4.93,7.29,10.02
14,3.56,5.18,9.63
14.25,1.75,2.47,8.9
14.5,0.07,-0.54,7.28
14.75,-0.96,-2.84,5.83
15,-1.32,-4.15,6.15
15.25,-1.38,-4.66,6.81
15.5,-1.21,-4.6,6.82
15.75,-0.93,-3.7,6.99
16,-0.66,-2.5,6.99
16.25,-0.7,-1.24,6.39
16.5,-0.35,0.03,5.98
16.75,-0.29,0.94,6.33
17,-0.36,1.03,7.47
17.25,-0.54,0.39,8.7
17.5,-0.62,-0.75,8.72
17.75,-0.97,-2.03,7.93
18,-0.82,-2.89,7.46
18.25,-0.26,-2.89,7.24
18.5,0.7,-2.09,8.16
18.75,1.47,-0.76,10.17
19,1.86,0.67,11.41
19.25,2.05,2.2,11.38
19.5,2,3.45,11.2
19.75,1.65,4.32,11.31
20,1.82,4.58,11.84
20.25,1.48,3.86,12.95
20.5,0.63,1.9,14.02
20.75,-0.33,-0.46,14.04
21,-1.07,-2.74,12.81
21.25,-1.59,-4.44,11.32
21.5,-1.58,-5.11,10.51
21.75,-1.45,-4.7,10.55
22,-0.97,-3.46,11.65
22.25,-0.52,-1.53,12.84
22.5,0.02,0.93,12.73
22.75,0.76,3.45,11.4
23,1.49,5.31,10.14
23.25,1.66,6.14,10.22
23.5,1.43,5.64,10.96
23.75,0.53,3.78,11.38
24,-0.64,1.14,11.23
24.25,-2.03,-1.99,9.96
24.5,-3.83,-5.23,7.91
24.75,-5.42,-7.77,6.58
25,-6.52,-9.18,6.99
25.25,-7.26,-9.49,8.2
25.5,-7.31,-8.6,8.87
25.75,-6.94,-6.82,8.7
26,-6.2,-4.65,8.1
26.25,-5.43,-2.63,7.49
26.5,-4.48,-0.99,7.25
26.75,-3.65,0.06,7.64
27,-3.16,0.24,8.46
27.25,-3.02,-0.41,8.78
27.5,-3.16,-1.59,8.29
27.75,-3.69,-3.13,8
28,-4.19,-4.34,7.97
28.25,-4.14,-4.57,7.96
28.5,-3.45,-3.74,8.79
28.75,-2.59,-2.2,10.26
29,-1.46,-0.3,11.17
29.25,-0.36,1.88,11.16
29.5,0.71,3.82,10.92
29.75,1.45,5.36,11.27
30,2.28,6.1,11.91
30.25,2.51,6.02,12.82
30.5,2.32,5.03,13.6
30.75,1.67,3.29,13.41
31,0.88,1.36,12.34
31.25,0.3,-0.26,11.16
31.5,0.26,-1,10.7
31.75,0.89,-0.65,11.03
32,1.93,0.5,11.96
32.25,3.14,2.23,12.56
32.5,4.27,4.24,12.01
32.75,5.1,6.11,10.51
33,5.76,7.52,9.14
33.25,5.99,8.33,9.25
33.5,5.83,8.17,9.99
33.75,4.84,6.87,10.09
34,3.45,4.69,9.54
34.25,1.85,1.98,8.57
34.5,0.2,-0.88,7.02
34.75,-0.91,-3.03,5.83
35,-1.25,-4.15,6.27
35.25,-1.37,-4.49,7.12
35.5,-1.29,-4.23,7.13
35.75,-0.94,-3.19,7.02
36,-0.62,-1.98,6.94
36.25,-0.63,-0.93,6.37
36.5,-0.42,0.08,5.97
36.75,-0.1,0.74,6.35
37,-0.27,0.83,7.52
37.25,-0.33,0.14,8.68
37.5,-0.48,-0.99,8.54
37.75,-0.86,-2.21,7.78
38,-0.9,-2.93,7.44
38.25,-0.3,-2.86,7.36
38.5,0.71,-1.76,8.4
38.75,1.62,-0.35,10.33
39,1.98,1.1,11.33
39.25,2.17,2.51,11.32
39.5,2.11,3.54,11.03
39.75,1.77,4.25,11.21
40,1.91,4.41,11.94
40.25,1.56,3.59,13.07
40.5,0.64,1.76,13.96
40.75,-0.33,-0.63,13.85
41,-1.2,-2.84,12.53
41.25,-1.7,-4.4,11.18
41.5,-1.66,-4.95,10.67
41.75,-1.36,-4.39,10.89
42,-0.77,-2.98,11.83
42.25,-0.34,-1.02,12.82
42.5,0.2,1.24,12.58
42.75,0.95,3.51,11.19
43,1.53,5.25,10.05
43.25,1.8,5.95,10.24
43.5,1.46,5.32,11.05
43.75,0.52,3.45,11.42
44,-0.76,0.67,11.01
44.25,-2.27,-2.39,9.7
44.5,-3.97,-5.45,7.75
44.75,-5.52,-7.79,6.6
45,-6.5,-9.06,7.2
45.25,-7.17,-9.2,8.45
45.5,-7.27,-8.34,8.89
45.75,-6.8,-6.57,8.61
46,-6.18,-4.53,7.98
46.25,-5.54,-2.66,7.39
46.5,-4.65,-1.14,7.37
46.75,-3.78,-0.18,7.8
47,-3.42,-0.07,8.54
47.25,-3.26,-0.82,8.9
47.5,-3.45,-2.04,8.24
47.75,-3.74,-3.41,7.84
48,-4.14,-4.43,7.96
48.25,-4.09,-4.48,8.13
48.5,-3.25,-3.53,8.96
48.75,-2.35,-1.88,10.36
49,-1.4,0.02,11.1
49.25,-0.26,2.11,11.01
49.5,0.66,4.01,10.87
49.75,1.48,5.44,11.35
50,2.25,6.15,12.03
50.25,2.47,5.87,12.92
50.5,2.1,4.76,13.41
50.75,1.57,2.95,13.16
51,0.77,1.15,12.25
51.25,0.39,-0.29,11.27
51.5,0.38,-0.84,10.79
51.75,1.06,-0.4,11.09
52,1.99,0.85,11.82
52.25,3.21,2.52,12.26
52.5,4.14,4.53,11.88
52.75,5.06,6.39,10.58
53,5.71,7.73,9.26
53.25,5.98,8.29,9.38
53.5,5.68,7.96,10.13
53.75,4.71,6.51,10.11
54,3.28,4.22,9.35
54.25,1.78,1.49,8.39
54.5,0.21,-1.19,6.99
54.75,-0.9,-3.27,5.91
55,-1.36,-4.22,6.32
55.25,-1.46,-4.42,7.23
55.5,-1.44,-4.03,7.25
55.75,-0.98,-2.97,7.07
56,-0.68,-1.69,7.02
56.25,-0.64,-0.69,6.5
56.5,-0.43,0.22,6.02
56.75,-0.08,0.81,6.46
57,-0.07,0.73,7.45
57.25,-0.25,-0.05,8.57
57.5,-0.44,-1.14,8.54
57.75,-0.78,-2.28,7.69
58,-0.84,-2.9,7.33
58.25,-0.33,-2.63,7.54
58.5,0.78,-1.53,8.58
58.75,1.6,-0.05,10.46
59,1.95,1.42,11.46
59.25,2.32,2.75,11.25
59.5,2.18,3.73,10.93
59.75,1.89,4.32,11.22
60,2.09,4.3,11.89
60.25,1.64,3.39,13
60.5,0.6,1.5,13.93
60.75,-0.46,-0.93,13.65
61,-1.37,-3.1,12.38
61.25,-1.84,-4.43,11.28
61.5,-1.71,-4.87,10.81
61.75,-1.39,-4.26,11.17
62,-0.75,-2.72,12
62.25,-0.06,-0.87,12.49
62.5,0.47,1.44,12.29
62.75,1.23,3.7,11.22
63,1.83,5.28,9.96
63.25,1.95,5.89,10.33
63.5,1.52,5.27,11.15
63.75,0.3,3.22,11.18
64,-1.18,0.45,10.76
64.25,-2.66,-2.63,9.66
64.5,-4.41,-5.65,7.77
64.75,-5.76,-7.9,6.82
65,-6.56,-9.05,7.3
65.25,-7.09,-9.22,8.29
65.5,-7.05,-8.21,8.83
65.75,-6.5,-6.49,8.46
66,-5.99,-4.37,7.88
66.25,-5.19,-2.42,7.56
66.5,-4.45,-0.92,7.43
66.75,-3.84,0.01,7.91
67,-3.53,0.02,8.65
67.25,-3.63,-0.92,8.92
67.5,-3.69,-2.18,8.27
67.75,-3.92,-3.58,7.83
68,-4.26,-4.57,7.98
68.25,-3.95,-4.54,8.28
68.5,-3.08,-3.55,8.96
68.75,-2.2,-1.94,10.24
69,-1.26,0.06,11.15
69.25,-0.23,2.14,11.01
69.5,0.57,4.1,10.95
69.75,1.35,5.49,11.46
70,1.98,6.03,12.09
70.25,2.14,5.7,13.04
70.5,1.95,4.47,13.47
70.75,1.42,2.64,12.99
71,0.82,0.83,12.12
71.25,0.48,-0.53,11.11
71.5,0.59,-1.02,10.7
71.75,1.22,-0.35,11.16
72,2.21,0.97,11.69
72.25,3.22,2.81,12.1
72.5,4.21,4.81,11.9
72.75,4.92,6.63,10.66
73,5.55,7.93,9.43
73.25,5.8,8.38,9.42
73.5,5.49,7.9,10.07
73.75,4.59,6.33,10.12
74,3.25,3.88,9.27
74.25,1.77,1.2,8.24
74.5,0.39,-1.41,6.98
74.75,-0.74,-3.4,5.95
75,-1.24,-4.28,6.32
75.25,-1.44,-4.35,7.3
75.5,-1.5,-3.83,7.43
75.75,-1.06,-2.7,7.12
76,-0.78,-1.41,6.98
76.25,-0.75,-0.46,6.5
76.5,-0.43,0.27,6.06
76.75,-0.09,0.79,6.55
77,0,0.65,7.5
77.25,-0.08,-0.18,8.51
77.5,-0.22,-1.3,8.48
77.75,-0.55,-2.43,7.51
78,-0.68,-2.92,7.18
78.25,-0.17,-2.52,7.62
78.5,0.73,-1.32,8.73
78.75,1.58,0.22,10.59
79,1.92,1.64,11.48
79.25,2.07,2.93,11.14
79.5,2.15,3.88,10.91
79.75,2,4.33,11.23
80,2.09,4.25,12.01
80.25,1.91,3.27,13.15
80.5,0.91,1.29,13.81
80.75,-0.23,-1.05,13.49
81,-1.1,-3.19,12.22
81.25,-1.71,-4.44,11.03
81.5,-1.6,-4.72,10.86
81.75,-1.38,-4.04,11.39
82,-0.88,-2.5,12.05
82.25,-0.22,-0.52,12.53
82.5,0.36,1.67,12.33
82.75,1.19,3.84,11.13
83,1.91,5.28,10.01
83.25,2.01,5.76,10.23
83.5,1.62,4.95,11.01
83.75,0.43,2.97,11.16
84,-1.1,0.11,10.6
84.25,-2.68,-2.9,9.47
84.5,-4.43,-5.8,7.91
84.75,-5.86,-7.98,6.87
85,-6.72,-9.07,7.24
85.25,-7.29,-9.1,8.35
85.5,-7.3,-8.21,8.82
85.75,-6.6,-6.43,8.48
86,-5.87,-4.36,8.08
86.25,-5.13,-2.43,7.55
86.5,-4.4,-0.95,7.44
86.75,-3.75,-0.11,7.87
87,-3.55,-0.16,8.62
87.25,-3.6,-1.08,9.08
87.5,-3.8,-2.3,8.59
87.75,-4.02,-3.57,7.94
88,-4.25,-4.43,8.1
88.25,-3.96,-4.44,8.38
88.5,-3.1,-3.52,8.97
88.75,-2.08,-1.82,10.32
89,-1.17,0.12,11.2
89.25,-0.07,2.26,11.05
89.5,0.82,4.18,10.92
89.75,1.47,5.52,11.3
90,1.96,6.12,12.05
90.25,2.11,5.69,13.02
90.5,1.68,4.5,13.48
90.75,1.24,2.66,12.99
91,0.6,0.8,12.02
91.25,0.36,-0.52,11.01
91.5,0.61,-1.02,10.61
91.75,1.33,-0.39,11.06
92,2.26,0.99,11.7
92.25,3.25,2.8,11.97
92.5,4.16,4.85,11.67
92.75,4.99,6.75,10.6
93,5.47,8.03,9.42
93.25,5.66,8.43,9.42
93.5,5.4,7.84,10.2
93.75,4.41,6.1,10.26
94,3.06,3.6,9.25
94.25,1.71,0.88,8.06
94.5,0.31,-1.69,6.86
94.75,-0.76,-3.66,5.93
95,-1.28,-4.58,6.33
95.25,-1.49,-4.53,7.38
95.5,-1.55,-3.91,7.58
95.75,-1.1,-2.59,7.18
96,-0.77,-1.24,7.02
96.25,-0.76,-0.22,6.47
96.5,-0.47,0.46,6.15
96.75,0,0.88,6.62
97,0.11,0.74,7.61
97.25,0.06,-0.12,8.59
97.5,-0.17,-1.3,8.47
97.75,-0.52,-2.4,7.47
98,-0.67,-2.91,7.09
98.25,-0.25,-2.46,7.6
98.5,0.74,-1.25,8.95
98.75,1.55,0.34,10.73
99,1.78,1.83,11.63
99.25,2.15,3.08,11.22
99.5,2.26,3.97,10.75
99.75,2.11,4.34,11.13
100,2.19,4.14,12.06
100.25,1.93,3.03,13.1
100.5,0.91,1.06,13.85
100.75,-0.3,-1.32,13.4
101,-1.27,-3.42,11.95
101.25,-1.88,-4.51,10.96
101.5,-1.8,-4.72,10.97
101.75,-1.47,-3.9,11.62
102,-0.8,-2.19,12.27
102.25,0.02,-0.16,12.39
102.5,0.67,1.99,11.97
102.75,1.49,4.07,11.02
103,2.12,5.42,10.01
103.25,2.22,5.8,10.27
103.5,1.77,4.93,11.16
103.75,0.36,2.68,11.01
104,-1.33,-0.26,10.2
104.25,-3.09,-3.31,9.21
104.5,-4.83,-6.16,7.72
104.75,-6.21,-8.18,7.01
105,-6.94,-9.08,7.53
105.25,-7.35,-9.02,8.42
105.5,-7.25,-7.99,8.84
105.75,-6.43,-6.11,8.45
106,-5.66,-4.08,7.88
106.25,-4.85,-2.14,7.52
106.5,-4.1,-0.82,7.59
106.75,-3.59,-0.1,7.91
107,-3.48,-0.26,8.67
107.25,-3.87,-1.23,9.1
107.5,-4.12,-2.56,8.5
107.75,-4.46,-3.7,8.01
108,-4.44,-4.55,8.22
108.25,-4.11,-4.5,8.63
108.5,-3.07,-3.4,9.25
108.75,-1.96,-1.74,10.28
109,-0.91,0.23,11.03
109.25,0.15,2.34,10.94
109.5,0.99,4.17,10.9
109.75,1.55,5.53,11.36
110,1.92,5.96,12.24
110.25,1.8,5.46,13.15
110.5,1.36,4.13,13.44
110.75,0.77,2.33,12.81
111,0.25,0.59,11.81
111.25,0.3,-0.59,10.93
111.5,0.74,-0.91,10.71
111.75,1.6,-0.15,11.25
112,2.7,1.28,11.74
112.25,3.55,3.13,11.82
112.5,4.51,5.15,11.45
112.75,5.22,7.01,10.52
113,5.52,8.19,9.54
113.25,5.46,8.48,9.59
113.5,4.99,7.69,10.28
113.75,3.9,5.77,10.3
114,2.6,3.17,9.22
114.25,1.37,0.5,7.96
114.5,0.3,-1.95,6.88
114.75,-0.52,-3.83,6.07
115,-1.02,-4.62,6.26
115.25,-1.09,-4.5,7.26
115.5,-1.29,-3.65,7.5
115.75,-0.9,-2.21,7.13
116,-0.62,-0.82,6.9
116.25,-0.94,0.17,6.53
116.5,-0.8,0.77,6.31
116.75,-0.36,0.97,6.79
117,-0.18,0.66,7.73
117.25,-0.1,-0.29,8.61
117.5,-0.06,-1.57,8.34
117.75,-0.23,-2.69,7.28
118,-0.22,-3.07,6.86
118.25,0.22,-2.53,7.53
118.5,1.09,-1.1,8.91
118.75,1.79,0.76,10.7
119,1.91,2.3,11.6
119.25,1.86,3.61,11.26
119.5,1.94,4.52,10.97
119.75,1.79,4.65,11.34
120,1.82,4.13,12.2
120.25,1.79,2.88,13.3
120.5,0.98,0.71,13.78
120.75,0.03,-1.75,13.17
121,-0.84,-3.8,11.82
121.25,-1.35,-4.89,10.61
121.5,-1.36,-4.81,10.75
121.75,-1.1,-3.76,11.77
122,-0.66,-1.82,12.37
122.25,-0.12,0.39,12.53
122.5,0.48,2.62,12.06
122.75,1.18,4.58,10.93
123,1.88,5.76,10.14
123.25,2,5.82,10.32
123.5,1.61,4.65,11.12
123.75,0.48,2.18,11.06
124,-1.26,-0.94,10.02
124.25,-2.95,-4.05,8.89
124.5,-4.65,-6.81,7.58
124.75,-6.16,-8.58,6.97
125,-6.88,-9.17,7.56
125.25,-7.41,-8.85,8.58
125.5,-7.46,-7.58,8.98
125.75,-6.62,-5.69,8.66
126,-5.73,-3.57,8.07
126.25,-4.83,-1.77,7.58
126.5,-3.94,-0.67,7.58
126.75,-3.4,-0.15,7.92
127,-3.19,-0.47,8.68
127.25,-3.58,-1.67,9.09
127.5,-4.02,-3.03,8.53
127.75,-4.37,-4.14,7.9
128,-4.64,-4.79,8.07
128.25,-4.32,-4.52,8.73
128.5,-3.35,-3.23,9.51
128.75,-2.24,-1.39,10.48
129,-1.04,0.67,11.16
129.25,0.06,2.75,11
129.5,1.17,4.52,10.75
129.75,1.9,5.73,11.2
130,2.29,5.9,12.1
130.25,2.13,5.28,12.97
130.5,1.58,3.87,13.35
130.75,0.72,1.96,12.69
131,0.05,0.25,11.62
131.25,-0.09,-0.84,10.86
131.5,0.31,-1.01,10.78
131.75,1.21,-0.11,11.46
132,2.48,1.47,11.97
132.25,3.55,3.37,11.81
132.5,4.7,5.35,11.21
132.75,5.49,7.24,10.29
133,5.87,8.29,9.51
133.25,5.77,8.49,9.63
133.5,5.14,7.66,10.42
133.75,3.89,5.63,10.48
134,2.26,2.83,9.17
134.25,0.85,0.06,7.78
134.5,-0.14,-2.28,6.86
134.75,-0.93,-4.01,6.22
135,-1.27,-4.78,6.53
135.25,-1.38,-4.54,7.45
135.5,-1.17,-3.68,7.6
135.75,-0.73,-2.15,7.06
136,-0.34,-0.68,6.64
136.25,-0.45,0.4,6.29
136.5,-0.44,0.96,6.36
136.75,-0.31,1.1,6.96
137,-0.24,0.69,7.92
137.25,-0.29,-0.37,8.64
137.5,-0.43,-1.61,8.31
137.75,-0.42,-2.65,7.2
138,-0.33,-3.11,6.78
138.25,0.11,-2.5,7.65
138.5,1.16,-1.13,9.24
138.75,1.9,0.65,10.79
139,2.21,2.26,11.54
139.25,2.21,3.65,11.17
139.5,2.26,4.53,10.79
139.75,1.99,4.7,11.38
140,1.87,4.11,12.49
140.25,1.59,2.65,13.42
140.5,0.77,0.51,13.85
140.75,-0.2,-1.98,13.01
141,-1.04,-4,11.45
141.25,-1.42,-4.96,10.62
141.5,-1.3,-4.8,10.94
141.75,-1.04,-3.59,11.93
142,-0.45,-1.55,12.51
142.25,0.15,0.75,12.15
142.5,0.8,3.03,11.55
142.75,1.44,5.02,10.92
143,1.99,6,10.32
143.25,2.02,5.88,10.58
143.5,1.56,4.54,11.39
143.75,0.3,1.92,10.97
144,-1.41,-1.4,9.6
144.25,-3.14,-4.59,8.38
144.5,-4.82,-7.27,7.42
144.75,-6.21,-8.88,7.08
145,-6.93,-9.32,7.71
145.25,-7.46,-8.76,8.66
145.5,-7.3,-7.39,8.86
145.75,-6.67,-5.37,8.54
146,-5.69,-3.23,8
146.25,-4.91,-1.5,7.7
146.5,-4.18,-0.37,7.95
146.75,-3.49,-0.06,8.24
147,-3.38,-0.58,8.75
147.25,-3.66,-1.86,9.02
147.5,-4.1,-3.4,8.41
147.75,-4.43,-4.49,7.76
148,-4.47,-5.01,8.16
148.25,-4.24,-4.59,8.94
148.5,-3.28,-3.22,9.67
148.75,-2.18,-1.21,10.5
149,-1.05,0.93,10.95
149.25,0.03,3.03,10.92
149.5,1.03,4.82,10.96
149.75,1.66,5.8,11.35
150,2.01,5.87,12.3
150.25,1.98,5.08,13.13
150.5,1.43,3.53,13.16
150.75,0.68,1.59,12.39
151,0.04,-0.05,11.32
151.25,0.01,-1.01,10.71
151.5,0.43,-0.94,10.89
151.75,1.33,0.01,11.66
152,2.57,1.81,12.13
152.25,3.68,3.78,11.9
152.5,4.67,5.76,11.11
152.75,5.43,7.47,10.27
153,5.82,8.44,9.64
153.25,5.76,8.43,9.69
153.5,5.15,7.37,10.45
153.75,3.8,5.21,10.48
154,2.14,2.38,9.15
154.25,0.77,-0.35,7.61
154.5,-0.28,-2.55,6.77
154.75,-1.01,-4.1,6.25
155,-1.38,-4.71,6.46
155.25,-1.35,-4.37,7.5
155.5,-1.16,-3.38,7.71
155.75,-0.74,-1.86,7.25
156,-0.27,-0.35,6.69
156.25,-0.3,0.6,6.19
156.5,-0.37,1.12,6.34
156.75,-0.1,1.11,7.02
157,-0.17,0.57,7.81
157.25,-0.27,-0.47,8.62
157.5,-0.35,-1.79,8.23
157.75,-0.51,-2.78,7.02
158,-0.3,-2.93,6.72
158.25,0.24,-2.3,7.72
158.5,1.14,-0.82,9.42
158.75,2.11,1.01,10.99
159,2.29,2.59,11.53
159.25,2.3,3.89,11.03
159.5,2.4,4.72,10.68
159.75,2.18,4.73,11.28
160,1.99,4.02,12.53
160.25,1.67,2.53,13.66
160.5,0.72,0.34,13.97
160.75,-0.18,-2.16,12.93
161,-1.18,-4.08,11.26
161.25,-1.43,-4.93,10.31
161.5,-1.23,-4.63,10.83
161.75,-0.89,-3.38,12.16
162,-0.35,-1.25,12.8
162.25,0.4,1.01,12.25
162.5,0.96,3.23,11.25
162.75,1.6,5.02,10.43
163,1.99,5.93,10.04
163.25,2,5.65,10.6
163.5,1.39,4.17,11.49
163.75,0.09,1.47,11.13
164,-1.81,-1.78,9.55
164.25,-3.56,-4.9,8.05
164.5,-5.1,-7.42,7.2
164.75,-6.31,-8.94,7.23
165,-7.01,-9.25,8
165.25,-7.26,-8.58,8.94
165.5,-7.18,-7.09,9.05
165.75,-6.44,-5.16,8.46
166,-5.56,-3.03,7.79
166.25,-4.69,-1.37,7.64
166.5,-3.95,-0.34,8.09
166.75,-3.44,-0.2,8.57
167,-3.43,-0.81,9.04
167.25,-3.83,-2.21,9.05
167.5,-4.36,-3.7,8.31
167.75,-4.58,-4.74,7.7
168,-4.56,-5.01,8.05
168.25,-4.27,-4.48,9.16
168.5,-3.24,-2.98,10.06
168.75,-1.96,-1.05,10.52
169,-1.02,1.14,10.75
169.25,0.16,3.19,10.72
169.5,1.14,4.89,10.74
169.75,1.76,5.82,11.46
170,2.04,5.8,12.43
170.25,1.77,4.86,13.08
170.5,1.21,3.24,13.01
170.75,0.44,1.27,12.05
171,-0.09,-0.37,10.99
171.25,-0.03,-1.16,10.76
171.5,0.57,-1,11.16
171.75,1.49,0.12,11.96
172,2.75,2,12.17
172.25,3.76,3.98,11.53
172.5,4.73,6.03,10.72
172.75,5.57,7.71,10.18
173,5.75,8.59,9.89
173.25,5.62,8.5,10.17
173.5,4.9,7.25,10.68
173.75,3.55,4.93,10.31
174,1.78,2.03,8.79
174.25,0.56,-0.73,7.22
174.5,-0.4,-2.83,6.7
174.75,-0.99,-4.19,6.69
175,-1.31,-4.69,6.76
175.25,-1.37,-4.31,7.4
175.5,-1.17,-3.17,7.58
175.75,-0.7,-1.67,7.03
176,-0.23,-0.18,6.54
176.25,-0.19,0.9,6.5
176.5,-0.29,1.23,6.7
176.75,-0.13,1.09,7.17
177,-0.15,0.44,7.87
177.25,-0.34,-0.74,8.15
177.5,-0.53,-2.03,7.89
177.75,-0.53,-2.84,7.21
178,-0.24,-2.91,6.99
178.25,0.28,-2.14,8.09
178.5,1.23,-0.65,9.67
178.75,2.12,1.09,10.7
179,2.17,2.69,11.29
179.25,2.25,3.92,11.13
179.5,2.37,4.67,10.94
179.75,2.25,4.73,11.68
180,1.92,3.86,12.74
180.25,1.52,2.17,13.47
180.5,0.69,-0.01,13.6
180.75,-0.29,-2.4,12.67
181,-1.11,-4.17,11.18
181.25,-1.29,-4.78,10.49
181.5,-1.13,-4.28,11
181.75,-0.72,-2.94,12.12
182,-0.2,-0.8,12.66
182.25,0.49,1.6,12.04
182.5,1.18,3.72,11.05
182.75,1.68,5.41,10.55
183,2.06,6.09,10.34
183.25,1.97,5.5,10.65
183.5,1.27,3.77,11.3
183.75,0.02,1,10.79
184,-1.88,-2.36,9.17
184.25,-3.64,-5.47,7.9
184.5,-5.12,-7.76,7.4
184.75,-6.35,-9.1,7.44
185,-6.99,-9.22,8.05
185.25,-7.28,-8.29,8.76
185.5,-7.16,-6.84,8.8
185.75,-6.44,-4.77,8.54
186,-5.4,-2.7,8.04
186.25,-4.71,-1.14,7.89
186.5,-4,-0.27,8.33
186.75,-3.49,-0.33,8.64
187,-3.6,-1.13,8.8
187.25,-3.9,-2.52,8.98
187.5,-4.37,-4.01,8.47
187.75,-4.64,-4.88,7.79
188,-4.47,-5.02,8.19
188.25,-4.16,-4.31,9.15
188.5,-3.18,-2.8,9.96
188.75,-1.94,-0.68,10.48
189,-0.97,1.51,10.83
189.25,0.15,3.57,10.85
189.5,1.21,5.07,10.89
189.75,1.72,5.71,11.36
190,1.94,5.47,12.29
190.25,1.68,4.4,12.95
190.5,1,2.74,12.97
190.75,0.31,0.85,12.03
191,-0.16,-0.62,10.93
191.25,-0.15,-1.21,10.5
191.5,0.57,-0.84,10.92
191.75,1.52,0.5,11.9
192,2.81,2.43,12.45
192.25,3.97,4.54,11.85
192.5,4.92,6.45,10.86
192.75,5.61,7.95,10.2
193,5.86,8.63,9.83
193.25,5.57,8.22,10.01
193.5,4.79,6.78,10.57
193.75,3.47,4.4,10.37
194,1.61,1.34,8.88
194.25,0.18,-1.32,7.24
194.5,-0.56,-3.18,6.59
194.75,-1.13,-4.29,6.61
195,-1.27,-4.57,6.79
195.25,-1.26,-3.96,7.47
195.5,-1.08,-2.79,7.72
195.75,-0.59,-1.27,7.16
196,-0.16,0.16,6.35
196.25,-0.06,1.1,6.12
196.5,-0.14,1.36,6.54
196.75,-0.09,1.04,7.35
197,-0.15,0.19,7.97
197.25,-0.36,-0.98,8.19
197.5,-0.59,-2.25,7.87
197.75,-0.61,-3.01,6.97
198,-0.16,-2.85,6.83
198.25,0.36,-1.87,8.26
198.5,1.36,-0.3,9.99
198.75,2.3,1.51,11.04
199,2.48,3.05,11.41
199.25,2.5,4.3,11.01
199.5,2.68,4.95,10.83
199.75,2.49,4.73,11.57
200,2.02,3.65,12.86
200.25,1.51,1.81,13.7
200.5,0.53,-0.44,13.67
200.75,-0.54,-2.78,12.53
201,-1.25,-4.48,10.88
201.25,-1.52,-4.93,10.21
201.5,-1.09,-4.28,10.9
201.75,-0.64,-2.74,12.18
202,-0.06,-0.53,13
202.25,0.77,1.91,12.11
202.5,1.42,4.01,10.82
202.75,1.97,5.58,10.31
203,2.28,6.1,10.16
203.25,1.91,5.4,10.57
203.5,1.22,3.62,11.36
203.75,-0.22,0.73,10.86
204,-2.22,-2.69,9.17
204.25,-4.03,-5.78,7.71
204.5,-5.4,-8.01,7.21
204.75,-6.5,-9.13,7.58
205,-7,-9.18,8.29
205.25,-7.15,-8.25,8.88
205.5,-6.93,-6.61,9.02
205.75,-6.17,-4.58,8.52
206,-5.24,-2.57,7.93
206.25,-4.45,-0.98,7.94
206.5,-3.97,-0.22,8.37
206.75,-3.64,-0.3,8.83
207,-3.64,-1.21,9.05
207.25,-4.14,-2.7,8.96
207.5,-4.55,-4.21,8.43
207.75,-4.76,-4.98,7.78
208,-4.46,-4.96,8.09
208.25,-3.92,-4.17,9.27
208.5,-3,-2.6,10.19
208.75,-1.73,-0.55,10.51
209,-0.75,1.61,10.67
209.25,0.26,3.58,10.72
209.5,1.14,5.06,10.86
209.75,1.62,5.72,11.48
210,1.74,5.44,12.41
210.25,1.41,4.25,13.06
210.5,0.69,2.48,12.89
210.75,0.06,0.63,11.92
211,-0.25,-0.78,10.85
211.25,-0.09,-1.24,10.52
211.5,0.68,-0.75,11.04
211.75,1.69,0.59,11.94
212,2.95,2.59,12.41
212.25,4.14,4.71,11.75
212.5,5,6.64,10.73
212.75,5.72,8.16,10.17
213,5.9,8.75,10.01
213.25,5.42,8.22,10.23
213.5,4.63,6.64,10.6
213.75,3.17,4.14,10.22
214,1.33,1.08,8.7
214.25,-0.01,-1.58,7.13
214.5,-0.73,-3.4,6.54
214.75,-1.23,-4.42,6.74
215,-1.36,-4.65,6.91
215.25,-1.28,-4.08,7.31
215.5,-1.1,-2.75,7.68
215.75,-0.5,-1.19,7.14
216,-0.07,0.25,6.29
216.25,-0.02,1.26,6.2
216.5,-0.12,1.47,6.63
216.75,-0.18,1.11,7.41
217,-0.15,0.25,8.06
217.25,-0.43,-0.96,8.18
217.5,-0.6,-2.32,7.83
217.75,-0.49,-3.05,7
218,-0.08,-2.87,6.94
218.25,0.64,-1.87,8.34
218.5,1.51,-0.22,10.09
218.75,2.36,1.57,11.09
219,2.44,3.15,11.37
219.25,2.43,4.38,11.06
219.5,2.56,5.03,10.96
219.75,2.43,4.85,11.72
220,1.9,3.69,12.96
220.25,1.35,1.73,13.71
220.5,0.42,-0.59,13.49
220.75,-0.5,-2.86,12.34
221,-1.06,-4.44,10.77
221.25,-1.21,-4.89,10.06
221.5,-0.93,-4.14,10.94
221.75,-0.37,-2.57,12.26
222,0.02,-0.28,12.86
222.25,0.84,2.28,11.94
222.5,1.58,4.47,10.58
222.75,2.03,5.99,10.14
223,2.25,6.35,10.31
223.25,1.76,5.46,10.75
223.5,0.97,3.42,11.37
223.75,-0.46,0.44,10.9
224,-2.35,-3.12,8.98
224.25,-4.07,-6.37,7.44
224.5,-5.53,-8.54,7.21
224.75,-6.5,-9.62,7.65
225,-7.09,-9.49,8.32
225.25,-7.12,-8.3,8.88
225.5,-6.9,-6.54,8.99
225.75,-6.25,-4.32,8.52
226,-5.17,-2.23,8.07
226.25,-4.46,-0.65,8.11
226.5,-3.88,0.08,8.56
226.75,-3.5,-0.12,9.01
227,-3.62,-1.11,8.99
227.25,-4.04,-2.73,8.82
227.5,-4.54,-4.34,8.4
227.75,-4.74,-5.24,7.75
228,-4.42,-5.15,8.12
228.25,-3.96,-4.31,9.34
228.5,-3.15,-2.66,10.23
228.75,-1.95,-0.48,10.52
229,-0.96,1.79,10.65
229.25,0.15,3.9,10.71
229.5,1.13,5.33,10.93
229.75,1.62,5.9,11.56
230,1.81,5.46,12.46
230.25,1.46,4.08,13.03
230.5,0.77,2.3,12.71
230.75,0.12,0.37,11.78
231,-0.28,-1.01,10.66
231.25,-0.13,-1.41,10.4
231.5,0.62,-0.85,11.08
231.75,1.53,0.56,12.13
232,2.73,2.67,12.67
232.25,4.05,4.9,11.85
232.5,4.92,6.8,10.64
232.75,5.64,8.2,10.09
233,5.95,8.76,9.97
233.25,5.53,8.14,10.34
233.5,4.69,6.52,10.65
233.75,3.29,3.97,10.25
234,1.33,0.87,8.56
234.25,-0.18,-1.81,6.85
234.5,-0.94,-3.55,6.43
234.75,-1.49,-4.53,6.81
235,-1.64,-4.62,7.12
235.25,-1.39,-3.92,7.54
235.5,-1.11,-2.62,7.68
235.75,-0.5,-1.04,7.11
236,0.13,0.35,6.15
236.25,0.23,1.31,5.96
236.5,0.18,1.62,6.63
236.75,0.11,1.22,7.53
237,-0.01,0.31,8.11
237.25,-0.33,-0.89,8.15
237.5,-0.73,-2.22,7.77
237.75,-0.73,-2.94,7.06
238,-0.21,-2.64,7.05
238.25,0.53,-1.62,8.5
238.5,1.6,-0.1,10.27
238.75,2.39,1.59,11.13
239,2.69,3.13,11.28
239.25,2.75,4.29,10.98
239.5,2.84,4.87,10.82
239.75,2.57,4.77,11.68
240,2.07,3.62,12.99
240.25,1.25,1.73,13.82
240.5,0.31,-0.57,13.52
240.75,-0.76,-2.82,12.22
241,-1.33,-4.38,10.66
241.25,-1.35,-4.7,10.04
241.5,-0.85,-3.92,10.86
241.75,-0.23,-2.42,12.33
242,0.37,-0.15,12.95
242.25,1.15,2.29,11.83
242.5,1.9,4.37,10.27
242.75,2.19,5.91,9.89
243,2.29,6.28,10.29
243.25,1.76,5.41,10.9
243.5,0.81,3.32,11.57
243.75,-0.63,0.31,10.99
244,-2.52,-3.22,8.95
244.25,-4.32,-6.39,7.34
244.5,-5.53,-8.56,7.04
244.75,-6.44,-9.61,7.77
245,-6.84,-9.37,8.61
245.25,-6.8,-8.29,8.9
245.5,-6.69,-6.51,8.98
245.75,-6.1,-4.38,8.52
246,-5.24,-2.27,7.95
246.25,-4.5,-0.6,8.17
246.5,-4,0.14,8.82
246.75,-3.73,-0.14,9.24
247,-3.74,-1.2,9.09
247.25,-4.17,-2.82,8.76
247.5,-4.65,-4.43,8.27
247.75,-4.64,-5.23,7.76
248,-4.26,-5.11,8.1
248.25,-3.72,-4.21,9.33
248.5,-2.9,-2.61,10.3
248.75,-1.9,-0.52,10.44
249,-0.92,1.71,10.47
249.25,0.07,3.78,10.62
249.5,0.97,5.23,11.03
249.75,1.49,5.76,11.65
250,1.62,5.23,12.54
250.25,1.24,3.86,12.99
250.5,0.7,2.05,12.53
250.75,0.11,0.22,11.54
251,-0.17,-1.08,10.62
251.25,-0.01,-1.3,10.43
251.5,0.73,-0.65,11.24
251.75,1.63,0.77,12.31
252,2.76,2.88,12.64
252.25,3.94,5.04,11.71
252.5,4.92,6.92,10.57
252.75,5.6,8.31,10.09
253,5.91,8.77,10.2
253.25,5.47,8.03,10.51
253.5,4.58,6.22,10.58
253.75,3.06,3.71,10
254,1.34,0.62,8.32
254.25,-0.25,-1.94,6.72
254.5,-0.99,-3.59,6.48
254.75,-1.52,-4.46,7.05
255,-1.8,-4.54,7.31
255.25,-1.58,-3.85,7.37
255.5,-1.28,-2.51,7.48
255.75,-0.6,-1.04,6.98
256,-0.01,0.36,6.18
256.25,0.29,1.33,6.08
256.5,0.28,1.52,6.72
256.75,0.22,1.13,7.66
257,0.12,0.2,8
257.25,-0.29,-0.99,7.95
257.5,-0.63,-2.18,7.81
257.75,-0.65,-2.77,7.28
258,-0.19,-2.45,7.37
258.25,0.63,-1.44,8.82
258.5,1.57,0.03,10.37
258.75,2.47,1.76,11.08
259,2.86,3.25,11.1
259.25,2.8,4.3,10.88
259.5,2.9,4.94,10.97
259.75,2.78,4.77,11.78
260,2.06,3.55,12.92
260.25,1.16,1.66,13.71
260.5,0.14,-0.61,13.31
260.75,-0.95,-2.8,12.12
261,-1.4,-4.24,10.79
261.25,-1.36,-4.61,10.14
261.5,-0.85,-3.76,10.82
261.75,0.02,-2.23,12.23
262,0.61,-0.04,12.6
262.25,1.45,2.42,11.6
262.5,2.21,4.59,10.2
262.75,2.49,6.05,9.75
263,2.44,6.37,10.41
263.25,1.76,5.38,11
263.5,0.59,3.24,11.29
263.75,-1.02,0.17,10.91
264,-2.95,-3.5,8.9
264.25,-4.77,-6.79,7.23
264.5,-5.87,-8.91,7.25
264.75,-6.58,-9.96,7.96
265,-6.95,-9.69,8.64
265.25,-6.65,-8.48,8.92
265.5,-6.5,-6.63,8.82
265.75,-5.89,-4.36,8.38
266,-5.02,-2.2,8.13
266.25,-4.35,-0.36,8.3
266.5,-3.85,0.52,8.96
266.75,-3.77,0.26,9.43
267,-3.87,-0.88,9.11
267.25,-4.36,-2.68,8.69
267.5,-4.85,-4.35,8.33
267.75,-4.73,-5.29,7.91
268,-4.29,-5.2,8.21
268.25,-3.53,-4.36,9.36
268.5,-2.77,-2.82,10.23
268.75,-1.7,-0.7,10.28
269,-0.76,1.61,10.21
269.25,0.09,3.74,10.56
269.5,1,5.28,11.12
269.75,1.48,5.9,11.78
270,1.41,5.35,12.69
270.25,1.1,3.9,13.04
270.5,0.41,2.04,12.36
270.75,-0.13,0.11,11.52
271,-0.24,-1.19,10.63
271.25,0.04,-1.49,10.41
271.5,0.79,-0.78,11.31
271.75,1.94,0.57,12.26
272,2.78,2.66,12.49
272.25,4,4.95,11.68
272.5,4.83,6.87,10.48
272.75,5.5,8.34,10.04
273,5.7,8.86,10.39
273.25,5.18,8.07,10.6
273.5,4.23,6.25,10.62
273.75,2.94,3.65,9.98
274,1.14,0.61,8.24
274.25,-0.14,-2.03,6.64
274.5,-0.85,-3.64,6.41
274.75,-1.3,-4.51,6.97
275,-1.53,-4.54,7.3
275.25,-1.44,-3.82,7.29
275.5,-1.22,-2.43,7.4
275.75,-0.7,-0.88,7.07
276,-0.22,0.49,6.34
276.25,0.06,1.53,6.17
276.5,0.14,1.76,6.87
276.75,0.14,1.26,7.8
277,0.19,0.19,8.12
277.25,-0.06,-1.07,7.85
277.5,-0.38,-2.25,7.53
277.75,-0.26,-2.83,7.15
278,0.21,-2.41,7.31
278.25,0.9,-1.31,8.9
278.5,1.62,0.21,10.65
278.75,2.29,1.85,11.18
279,2.51,3.38,11.18
279.25,2.48,4.46,11.07
279.5,2.64,4.98,11.05
279.75,2.71,4.8,11.82
280,2.18,3.47,13.07
280.25,1.43,1.4,13.6
280.5,0.5,-0.86,13.13
280.75,-0.53,-2.95,11.9
281,-1.04,-4.3,10.51
281.25,-1.12,-4.46,10.01
281.5,-0.71,-3.51,10.75
281.75,-0.14,-1.91,12.1
282,0.46,0.33,12.63
282.25,1.2,2.76,11.66
282.5,1.98,4.86,10.12
282.75,2.46,6.18,9.78
283,2.42,6.31,10.37
283.25,1.82,5.09,10.84
283.5,0.7,2.88,11.19
283.75,-0.87,-0.22,10.75
284,-2.83,-3.79,8.87
284.25,-4.67,-6.97,7.28
284.5,-5.95,-9.02,7.25
284.75,-6.77,-9.87,8.12
285,-7.1,-9.5,8.84
285.25,-6.91,-8.26,9.01
285.5,-6.57,-6.36,9
285.75,-5.88,-4.24,8.49
286,-4.99,-2.15,7.98
286.25,-4.15,-0.42,8.18
286.5,-3.64,0.37,8.9
286.75,-3.59,0.04,9.41
287,-3.82,-1.08,9.18
287.25,-4.38,-2.83,8.71
287.5,-5.03,-4.4,8.29
287.75,-4.97,-5.25,7.99
288,-4.41,-5.02,8.26
288.25,-3.63,-4.09,9.5
288.5,-2.7,-2.58,10.41
288.75,-1.68,-0.57,10.42
289,-0.62,1.66,10.19
289.25,0.28,3.66,10.35
289.5,1.1,5.17,10.96
289.75,1.59,5.76,11.79
290,1.33,5.2,12.74
290.25,0.86,3.71,13.06
290.5,0.16,1.88,12.49
290.75,-0.43,0.01,11.51
291,-0.48,-1.18,10.61
291.25,0.01,-1.34,10.53
291.5,0.94,-0.58,11.31
291.75,1.98,0.83,12.35
292,3.03,2.86,12.55
292.25,4.18,5.05,11.59
292.5,5.07,7.08,10.27
292.75,5.7,8.4,9.95
293,5.73,8.86,10.34
293.25,5.16,8.02,10.72
293.5,3.99,6.02,10.62
293.75,2.51,3.37,9.89
294,0.91,0.29,8.2
294.25,-0.48,-2.41,6.53
294.5,-0.96,-4.01,6.34
294.75,-1.35,-4.8,7.07
295,-1.67,-4.8,7.24
295.25,-1.44,-3.94,7.21
295.5,-1.08,-2.4,7.24
295.75,-0.71,-0.78,6.92
296,-0.29,0.67,6.44
296.25,0.03,1.68,6.29
296.5,0,1.99,7.04
296.75,0.12,1.39,8.08
297,0.08,0.28,8.23
297.25,-0.02,-1.02,7.86
297.5,-0.19,-2.25,7.57
297.75,-0.18,-2.86,7.25
298,0.42,-2.37,7.49
298.25,1.15,-1.27,9
298.5,1.78,0.31,10.63
298.75,2.37,1.96,11.28
299,2.51,3.5,11.14
299.25,2.4,4.56,11.09
299.5,2.61,5.11,11.28
299.75,2.66,4.78,11.9
300,2.06,3.42,12.91
300.25,1.35,1.26,13.44
300.5,0.46,-1.1,12.83
300.75,-0.43,-3.16,11.59
301,-0.86,-4.33,10.47
301.25,-0.92,-4.33,10.02
301.5,-0.58,-3.35,10.74
301.75,-0.15,-1.53,12.12
302,0.44,0.72,12.51
302.25,1.08,3.08,11.57
302.5,1.92,5.14,10.18
302.75,2.48,6.3,9.77
303,2.45,6.25,10.49
303.25,1.92,4.87,11.05
303.5,0.72,2.32,10.97
303.75,-0.88,-0.77,10.39
304,-2.81,-4.3,8.68
304.25,-4.83,-7.41,7.07
304.5,-6.03,-9.23,7.29
304.75,-6.99,-9.83,8.46
305,-7.38,-9.32,9.06
305.25,-7.04,-7.87,9.17
305.5,-6.63,-5.89,8.92
305.75,-5.86,-3.84,8.38
306,-4.79,-1.78,8.11
306.25,-3.85,-0.16,8.31
306.5,-3.32,0.44,8.99
306.75,-3.27,-0.05,9.43
307,-3.64,-1.37,9.06
307.25,-4.25,-3.04,8.46
307.5,-4.99,-4.54,8.3
307.75,-5.12,-5.27,8.16
308,-4.59,-4.89,8.4
308.25,-3.83,-3.85,9.59
308.5,-2.98,-2.3,10.48
308.75,-1.74,-0.32,10.35
309,-0.7,1.86,10.18
309.25,0.42,3.76,10.44
309.5,1.29,5.1,11.02
309.75,1.73,5.5,11.87
310,1.46,4.77,12.79
310.25,0.86,3.27,12.96
310.5,-0.01,1.45,12.3
310.75,-0.61,-0.31,11.34
311,-0.65,-1.26,10.77
311.25,-0.19,-1.29,10.72
311.5,0.8,-0.4,11.46
311.75,1.96,1.11,12.44
312,3.03,3.11,12.46
312.25,4.33,5.28,11.42
312.5,5.39,7.11,10.19
312.75,5.82,8.31,9.77
313,5.87,8.61,10.34
313.25,5.08,7.67,10.68
313.5,3.62,5.65,10.55
313.75,2.15,2.99,9.68
314,0.52,0.04,8.05
314.25,-0.79,-2.4,6.58
314.5,-1.19,-3.95,6.51
314.75,-1.42,-4.57,7.25
315,-1.42,-4.46,7.5
315.25,-1.11,-3.59,7.08
315.5,-0.71,-2.15,6.98
315.75,-0.3,-0.66,6.79
316,-0.05,0.62,6.4
316.25,0.13,1.65,6.46
316.5,0.07,1.92,7.24
316.75,-0.14,1.3,8.05
317,-0.16,0.09,8.31
317.25,-0.36,-1.2,7.8
317.5,-0.45,-2.35,7.55
317.75,-0.14,-2.75,7.48
318,0.65,-2.25,7.75
318.25,1.54,-1,9.08
318.5,2.16,0.51,10.61
318.75,2.62,2.09,11.05
319,2.75,3.57,11
319.25,2.54,4.6,11.16
319.5,2.47,5.09,11.47
319.75,2.43,4.75,12.08
320,1.7,3.3,13.1
320.25,0.99,1.13,13.38
320.5,0.25,-1.22,12.73
320.75,-0.45,-3.13,11.5
321,-0.59,-4.23,10.4
321.25,-0.41,-4.18,10.03
321.5,-0.04,-3.09,10.66
321.75,0.45,-1.27,11.73
322,0.87,0.99,12.32
322.25,1.36,3.38,11.57
322.5,1.96,5.35,10.16
322.75,2.21,6.36,9.86
323,2.06,6.17,10.64
323.25,1.38,4.55,11.03
323.5,0.24,1.95,10.89
323.75,-1.07,-1.29,10.29
324,-2.84,-4.78,8.66
324.25,-4.57,-7.67,7.06
324.5,-5.75,-9.41,7.24
324.75,-6.65,-9.88,8.34
325,-7.16,-9.22,9.04
325.25,-6.98,-7.57,9.16
325.5,-6.55,-5.54,9.03
325.75,-6.02,-3.41,8.7
326,-5.09,-1.57,8.33
326.25,-4.13,-0.2,8.34
326.5,-3.55,0.29,9.01
326.75,-3.39,-0.36,9.4
327,-3.55,-1.78,9.05
327.25,-4.07,-3.38,8.43
327.5,-4.75,-4.75,8.22
327.75,-4.9,-5.24,8.06
328,-4.45,-4.78,8.42
328.25,-3.79,-3.52,9.53
328.5,-3.02,-1.87,10.62
328.75,-2.01,0.17,10.77
329,-0.82,2.23,10.44
329.25,0.17,3.98,10.56
329.5,1.22,5.03,11.06
329.75,1.64,5.17,11.7
330,1.49,4.34,12.61
330.25,1,2.8,12.86
330.5,0.23,1.01,12.3
330.75,-0.43,-0.52,11.42
331,-0.59,-1.29,10.79
331.25,-0.2,-1.09,10.65
331.5,0.68,0,11.4
331.75,1.87,1.66,12.42
332,3.03,3.66,12.6
332.25,4.24,5.78,11.59
332.5,5.27,7.38,10.16
332.75,5.7,8.24,9.63
333,5.77,8.33,10.18
333.25,5.04,7.18,10.53
333.5,3.56,5,10.39
333.75,2.06,2.36,9.58
334,0.39,-0.49,7.88
334.25,-1.03,-2.89,6.35
334.5,-1.48,-4.14,6.36
334.75,-1.62,-4.55,7.27
335,-1.73,-4.25,7.68
335.25,-1.26,-3.26,7.41
335.5,-0.79,-1.75,7.08
335.75,-0.32,-0.33,6.78
336,0.01,0.81,6.35
336.25,0.28,1.61,6.3
336.5,0.23,1.75,7.16
336.75,0.07,1.02,8.24
337,-0.07,-0.16,8.45
337.25,-0.28,-1.36,7.89
337.5,-0.4,-2.4,7.58
337.75,-0.14,-2.71,7.5
338,0.55,-1.98,8.02
338.25,1.56,-0.65,9.46
338.5,2.25,0.92,10.83
338.75,2.73,2.51,11.1
339,2.86,3.86,10.8
339.25,2.7,4.77,11
339.5,2.62,5.1,11.49
339.75,2.52,4.58,12.16
340,1.85,3,13.03
340.25,0.95,0.72,13.2
340.5,0.02,-1.65,12.43
340.75,-0.56,-3.45,11.19
341,-0.73,-4.34,10.34
341.25,-0.51,-4.02,10.16
341.5,0,-2.76,10.65
341.75,0.49,-0.77,11.6
342,1.09,1.56,12.16
342.25,1.66,3.88,11.47
342.5,2.2,5.78,10.26
342.75,2.43,6.6,9.92
343,2.13,6.06,10.58
343.25,1.36,4.28,11.05
343.5,0.12,1.39,10.82
343.75,-1.37,-1.88,10.02
344,-3.08,-5.3,8.63
344.25,-4.83,-8.17,7.16
344.5,-5.95,-9.7,7.13
344.75,-6.71,-9.95,8.31
345,-7.19,-9.05,9.09
345.25,-6.82,-7.23,9.13
345.5,-6.33,-4.94,9.09
345.75,-5.81,-2.89,8.73
346,-4.91,-1.13,8.3
346.25,-4,0.11,8.44
346.5,-3.43,0.35,9.01
346.75,-3.31,-0.47,9.47
347,-3.53,-2.02,9.11
347.25,-4.13,-3.79,8.26
347.5,-4.76,-5.12,8.07
347.75,-4.95,-5.58,8.04
348,-4.55,-4.93,8.43
348.25,-3.84,-3.54,9.61
348.5,-3.08,-1.68,10.67
348.75,-2,0.43,10.83
349,-0.8,2.53,10.52
349.25,0.15,4.17,10.64
349.5,1.21,5.06,11.16
349.75,1.66,5,11.93
350,1.47,4.04,12.78
350.25,1.02,2.34,12.88
350.5,0.09,0.51,12.11
350.75,-0.59,-0.89,11.24
351,-0.68,-1.56,10.68
351.25,-0.33,-1.14,10.82
351.5,0.66,0.23,11.62
351.75,1.8,1.99,12.51
352,2.95,4.09,12.52
352.25,4.32,6.19,11.49
352.5,5.33,7.67,9.96
352.75,5.84,8.37,9.49
353,5.8,8.2,10.16
353.25,5,6.88,10.58
353.5,3.51,4.54,10.34
353.75,1.84,1.9,9.39
354,0.3,-0.89,7.69
354.25,-1.21,-3.08,6.25
354.5,-1.65,-4.22,6.32
354.75,-1.68,-4.47,7.33
355,-1.72,-4.05,7.91
355.25,-1.11,-2.84,7.55
355.5,-0.46,-1.36,7.01
355.75,-0.14,-0.04,6.65
356,0.08,0.95,6.26
356.25,0.32,1.6,6.37
356.5,0.23,1.65,7.28
356.75,0.01,0.9,8.34
357,-0.21,-0.35,8.62
357.25,-0.4,-1.63,7.86
357.5,-0.43,-2.61,7.41
357.75,-0.23,-2.72,7.57
358,0.78,-1.81,8.22
358.25,1.87,-0.34,9.64
358.5,2.56,1.26,10.93
358.75,2.94,2.78,11.03
359,2.99,4.07,10.7
359.25,2.71,4.91,10.87
359.5,2.57,5.12,11.58
359.75,2.44,4.45,12.38
360,1.68,2.89,13.15
360.25,0.83,0.56,13.21
360.5,-0.03,-1.86,12.15
360.75,-0.57,-3.49,10.88
361,-0.58,-4.23,10.27
361.25,-0.24,-3.84,10.26
361.5,0.27,-2.43,10.9
361.75,0.89,-0.47,11.65
362,1.33,1.83,11.89
362.25,1.81,4.15,11.27
362.5,2.28,5.84,10.13
362.75,2.4,6.44,9.8
363,2.06,5.88,10.69
363.25,1.2,3.84,11.16
363.5,-0.17,0.85,10.69
363.75,-1.66,-2.41,9.86
364,-3.35,-5.77,8.43
364.25,-4.95,-8.43,7.13
364.5,-5.94,-9.81,7.28
364.75,-6.7,-9.85,8.36
365,-7,-8.85,9.19
365.25,-6.69,-6.91,9.3
365.5,-6.11,-4.7,9.07
365.75,-5.62,-2.63,8.78
366,-4.82,-0.97,8.38
366.25,-4.02,0.11,8.36
366.5,-3.54,0.25,9.03
366.75,-3.54,-0.67,9.66
367,-3.75,-2.3,9.17
367.25,-4.25,-3.87,8.28
367.5,-4.76,-5.19,8.08
367.75,-4.96,-5.51,7.98
368,-4.43,-4.78,8.5
368.25,-3.68,-3.25,9.69
368.5,-2.85,-1.39,10.83
368.75,-1.9,0.74,10.98
369,-0.75,2.74,10.53
369.25,0.13,4.23,10.59
369.5,1.04,4.95,11.2
369.75,1.42,4.79,12.05
370,1.35,3.67,12.8
370.25,0.74,1.99,12.84
370.5,-0.03,0.17,12.01
370.75,-0.57,-1.17,10.99
371,-0.59,-1.67,10.6
371.25,-0.17,-1.14,10.9
371.5,0.73,0.41,11.69
371.75,1.98,2.35,12.47
372,3.05,4.47,12.42
372.25,4.28,6.57,11.37
372.5,5.29,7.96,9.98
372.75,5.68,8.53,9.48
373,5.7,8.17,10.29
373.25,4.86,6.65,10.71
373.5,3.29,4.13,10.14
373.75,1.66,1.38,9.1
374,0.1,-1.37,7.49
374.25,-1.29,-3.54,6.11
374.5,-1.83,-4.47,6.39
374.75,-1.93,-4.57,7.47
375,-1.93,-3.97,7.98
375.25,-1.3,-2.61,7.65
375.5,-0.56,-1.08,6.99
375.75,-0.19,0.27,6.64
376,0.2,1.2,6.43
376.25,0.44,1.68,6.59
376.5,0.51,1.65,7.39
376.75,0.21,0.87,8.45
377,-0.02,-0.46,8.58
377.25,-0.26,-1.73,7.75
377.5,-0.52,-2.61,7.33
377.75,-0.28,-2.65,7.6
378,0.66,-1.73,8.5
378.25,1.68,-0.07,9.91
378.5,2.48,1.64,11.07
378.75,2.9,3.14,11.07
379,3.1,4.32,10.64
379.25,2.84,5,10.81
379.5,2.69,4.93,11.54
379.75,2.58,4.17,12.42
380,1.92,2.48,13
380.25,0.83,0.13,12.82
380.5,-0.13,-2.21,11.89
380.75,-0.69,-3.8,10.69
381,-0.76,-4.36,10.22
381.25,-0.38,-3.71,10.52
381.5,0.25,-2.13,11.04
381.75,0.91,0.04,11.52
382,1.57,2.43,11.72
382.25,2.06,4.68,11.2
382.5,2.55,6.28,10.25
382.75,2.67,6.76,10.02
383,2.34,5.98,10.8
383.25,1.24,3.77,11.16
383.5,-0.36,0.59,10.56
383.75,-1.91,-2.87,9.6
384,-3.66,-6.22,8.47
384.25,-5.2,-8.75,7.39
384.5,-6.13,-10.06,7.39
384.75,-6.73,-9.99,8.33
385,-6.92,-8.75,9.09
385.25,-6.39,-6.78,9
385.5,-5.81,-4.42,8.86
385.75,-5.31,-2.25,8.76
386,-4.59,-0.62,8.46
386.25,-3.91,0.43,8.51
386.5,-3.49,0.44,9.06
386.75,-3.74,-0.7,9.6
387,-4.08,-2.37,9.2
387.25,-4.48,-4.19,8.33
387.5,-5.07,-5.48,8.04
387.75,-4.92,-5.77,8.18
388,-4.36,-4.97,8.59
388.25,-3.46,-3.39,9.61
388.5,-2.59,-1.36,10.73
388.75,-1.69,0.74,10.97
389,-0.63,2.85,10.64
389.25,0.13,4.33,10.74
389.5,0.81,5.05,11.31
389.75,1.17,4.79,12.25
390,0.93,3.65,12.99
390.25,0.42,1.81,12.93
390.5,-0.3,-0.11,11.89
390.75,-0.69,-1.51,10.82
391,-0.62,-1.88,10.49
391.25,0.05,-1.19,10.9
391.5,0.96,0.43,11.68
391.75,2.2,2.48,12.49
392,3.21,4.69,12.37
392.25,4.25,6.79,11.29
392.5,5.12,8.25,9.99
392.75,5.54,8.76,9.51
393,5.38,8.29,10.16
393.25,4.63,6.58,10.77
393.5,3.16,3.94,10.16
393.75,1.61,0.99,8.94
394,0.1,-1.61,7.4
394.25,-1,-3.78,6.05
394.5,-1.64,-4.73,6.22
394.75,-1.74,-4.71,7.48
395,-1.89,-4.02,8.05
395.25,-1.38,-2.55,7.76
395.5,-0.7,-0.85,7.1
395.75,-0.32,0.48,6.53
396,-0.03,1.34,6.34
396.25,0.3,1.8,6.77
396.5,0.38,1.65,7.63
396.75,0.39,0.71,8.64
397,0.12,-0.6,8.64
397.25,0.04,-1.95,7.62
397.5,-0.12,-2.65,7.01
397.75,0.02,-2.6,7.48
398,0.62,-1.54,8.7
398.25,1.74,0.16,10.19
398.5,2.31,1.94,11.23
398.75,2.63,3.46,11.15
399,2.88,4.65,10.55
399.25,2.87,5.19,10.74
399.5,2.78,5.04,11.65
399.75,2.75,4.12,12.53
